Accumulator	Utilities	Generator	Utility	cc
Adjust	Adjust	Processor	Modify	fx
Anastomosis	Erosion	Processor	Simulate	an
Angle	Aspect	Mask	Derive	ang
AO	Render	Mask	Output	ao
Aperture	Transform	Processor	Modify	ap
Autolevel	Adjust	Processor	Modify	lv
Blur	Blur	Processor	Modify	b
Bomber	Scatter	Processor	Surface	bo
Bulbous	Structure	Processor	Surface	bu
Canyon	Landscape	Generator	Terrain	ny
Cartography	Render	Colorizer	Output	crt
Cellular	Extended	Generator	Primitive	ll
Cellular3D	Extended	Generator	Primitive	c3
Chokepoint	Routing	Processor	Utility	cp
Clamp	Adjust	Processor	Modify	cl
Clip	Adjust	Processor	Modify	ci
CLUTer	Color	Colorizer	Colorize	clt
ColorErosion	Erosion	Processor	Colorize	cx
Combine	Routing	Processor	Utility	c
Cone	Gradient	Generator	Primitive	con
Constant	Basic	Generator	Primitive	k
Contours	Cartography	Mask	Surface	cn
Cracks	Basic	Generator	Primitive	ck
Craggy	Rocky	Generator	Surface	cg
Crater	Primitive	Generator	Terrain	cra
CraterField	Landscape	Generator	Terrain	cf
Crumble	Erosion	Processor	Simulate	cr
Curvature	Aspect	Mask	Derive	cv
Curve	Profile	Processor	Modify	cu
DataExtractor	Utilities	Mask	Utility	de
Debris	Scatter	Processor	Simulate	db
Deflate	Profile	Processor	Modify	df
Denoise	Adjust	Processor	Modify	dn
Dilate	Transform	Processor	Modify	di
DirectionalWarp	Warp	Processor	Modify	dw
Distance	Transform	Processor	Modify	rt
DotNoise	Extended	Generator	Primitive	do
Draw	Basic	Generator	Primitive	vm
DriftNoise	Extended	Generator	Primitive	dr
DuneSea	Landscape	Generator	Terrain	du
Dusting	Snow	Processor	Simulate	ds
EasyErosion	Erosion	Processor	Simulate	ee
Edge	Structure	Processor	Utility	ed
Equalize	Adjust	Processor	Modify	eq
Erosion	Erosion	Processor	Simulate	ce
Erosion2	Erosion	Processor	Simulate	e2
Export	Assets	Export	Output	ex
Extend	Adjust	Processor	Modify	xt
File	Assets	Generator	Primitive	f
Filter	Profile	Processor	Modify	fl
Flip	Adjust	Processor	Modify	fp
FlowMap	Generative	Mask	Derive	fl
FlowMapClassic	Generative	Mask	Derive	fl1
Fold	Profile	Processor	Modify	fo
FractalTerraces	Terrace	Processor	Surface	ft
Gabor	Basic	Generator	Primitive	g
Gamma	Adjust	Colorizer	Colorize	ga
Gate	Routing	Processor	Utility	g8
GraphicEQ	Profile	Processor	Modify	gq
Grid	Cartography	Generator	Surface	gr
GroundTexture	Superficial	Processor	Surface	gt
Halftone	Render	Mask	Output	
Height	Aspect	Mask	Derive	h
Hemisphere	Gradient	Generator	Primitive	do
Hillify	Erosion	Processor	Simulate	hi
HSL	Adjust	Colorizer	Colorize	hu
HydroFix	Erosion	Processor	Simulate	hf
Island	Primitive	Generator	Terrain	is
Lake	Water	Processor	Simulate	
Layers	Routing	Processor	Utility	
Lichtenberg	Erosion	Processor	Simulate	lct
LightX	Render	Colorizer	Output	lx
LinearGradient	Gradient	Generator	Primitive	lg
LineNoise	Basic	Generator	Primitive	ln
LoopBegin	Routing	Processor	Utility	lb
LoopEnd	Routing	Processor	Utility	le
Mask	Utilities	Processor	Utility	ma
Match	Adjust	Processor	Modify	
MathX	Utilities	Generator	Utility	mx
Median	Blur	Processor	Modify	md
Mesher	Assets	Export	Output	me
Meshify	Shape	Processor	Modify	ms
Mixer	Routing	Colorizer	Utility	mx
Mountain	Primitive	Generator	Terrain	m
MountainRange	Landscape	Generator	Terrain	mr
MountainSide	Primitive	Generator	Terrain	ms
MultiFractal	Extended	Generator	Primitive	mf
Noise	Basic	Generator	Primitive	kn
Normals	Aspect	Colorizer	Derive	nm
Object	Assets	Generator	Primitive	o
Occlusion	Generative	Processor	Derive	cc
Origami	Effect	Processor	Modify	or
Outcrops	Rocky	Processor	Surface	oc
Peaks	Aspect	Mask	Derive	pk
Perlin	Basic	Generator	Primitive	p
Pixelate	Effect	Processor	Modify	px
Plates	Landscape	Generator	Terrain	pl
Pockmarks	Scatter	Processor	Surface	on
PointCloud	Assets	Export	Output	pc
RadialGradient	Gradient	Generator	Primitive	rg
Recurve	Profile	Processor	Modify	rc
Repeat	Structure	Processor	Utility	rp
Reseed	Routing	Processor	Utility	
RGBMerge	Utilities	Colorizer	Colorize	rm
RGBSplit	Utilities	Colorizer	Colorize	rs
Ridge	Landscape	Generator	Terrain	ri
Rivers	Water	Processor	Simulate	rv
RockMap	Generative	Mask	Derive	km
RockNoise	Rocky	Generator	Surface	rn
Rockscape	Rocky	Generator	Surface	rs
Roughen	Superficial	Processor	Surface	rog
Route	Routing	Processor	Utility	ro
Rugged	Landscape	Generator	Terrain	gg
Sand	Superficial	Generator	Surface	sd
Sandstone	Terrace	Processor	Surface	ss
SatMap	Color	Colorizer	Colorize	sa
Sea	Water	Processor	Simulate	sea
Seamless	Structure	Processor	Utility	sls
Sediments	Erosion	Processor	Simulate	sed
Shaper	Profile	Processor	Modify	sp
Sharpen	Adjust	Processor	Modify	sx
Shatter	Structure	Processor	Surface	tt
Shear	Structure	Processor	Surface	sh
Slope	Aspect	Mask	Derive	sl
SlopeBlur	Blur	Processor	Modify	sb
SlopeWarp	Warp	Processor	Modify	sw
Slump	Landscape	Generator	Terrain	um
Snow	Snow	Processor	Simulate	sn
SoftClip	Profile	Processor	Modify	sc
Soil	Texture	Mask	Derive	so
Splat	Utilities	Processor	Colorize	spl
Steps	Terrace	Processor	Surface	ste
Stones	Scatter	Processor	Surface	on
Stratify	Terrace	Processor	Surface	ct
Sunlight	Render	Mask	Output	si
SuperColor	Color	Colorizer	Colorize	sc
Swirl	Effect	Processor	Modify	swi
Switch	Routing	Processor	Utility	swt
Synth	Color	Colorizer	Colorize	sy
Terraces	Terrace	Processor	Surface	st
TextureBase	Texture	Mask	Derive	tb
Texturizer	Texture	Mask	Derive	tz
Thermal	Erosion	Processor	Simulate	te
Thermal2	Erosion	Processor	Simulate	t2
ThermalShaper	Profile	Processor	Modify	ts
Threshold	Adjust	Processor	Modify	th
TileInput	Assets	Generator	Primitive	til
Tint	Color	Colorizer	Colorize	ti
Transform	Transform	Processor	Modify	t
Transform3D	Transform	Processor	Modify	t3
Transpose	Adjust	Processor	Modify	tx
Trees	Vegetation	Processor	Simulate	tr
Unity	Assets	Export	Output	un
Unreal	Assets	Export	Output	ue
Uplift	Landscape	Generator	Terrain	
VariableBlur	Blur	Processor	Modify	vb
Volcano	Primitive	Generator	Terrain	vo
Voronoi	Basic	Generator	Primitive	v
Warp	Warp	Processor	Modify	w
WaterColor	Color	Colorizer	Colorize	wc
WaveShine	Extended	Generator	Primitive	ws
Weathering	Surface	Mask	Colorize	we
Whorl	Effect	Processor	Modify	wh
Wizard	Erosion	Processor	Simulate	z1
Wizard2	Erosion	Processor	Simulate	z2
CutNoise	Basic	Generator	Primitive	
Shrubs	Vegetation	Processor	Simulate	shr
TriplanarDisplacement	Warp	Processor	Modify	3pd
VFX	Assets	Export	Output	
Construction	Routing	Processor	Utility	
Var	Utilities	Generator	Utility	var
Glacier	Snow	Processor	Simulate	gl
Shade	Render	Colorizer	Output	
MeshWarp	Utilities	Processor	Output	nm
TextureBaker	Utilities	Processor	Output	nm
Compare	Routing	Processor	Utility	cm
Pattern	Basic	Generator	Primitive	
Shape	Basic	Generator	Primitive	s
BlobRemover	Utilities	Processor	Modify	b
Distress	Superficial	Processor	Surface	dst
Snowfield	Snow	Processor	Simulate	sf
IceFloe	Snow	Processor	Simulate	if
Scree	Scatter	Processor	Simulate	
Heal	Utilities	Processor	Modify	hl
